campaign_id,event_date,impressions,clicks,cost,sessions,add_to_cart,conversions,source_system
1,2024-05-03,7445,133,94.84,142,31,22,instagram_ads_platform
1,2024-05-04,8592,371,520.4,375,81,48,instagram_ads_platform
1,2024-05-05,14873,322,335.32,378,30,42,instagram_ads_platform
1,2024-05-06,4674,185,156.91,205,16,20,instagram_ads_platform
1,2024-05-07,4475,265,239.94,273,26,26,instagram_ads_platform
1,2024-05-08,14472,727,657.9,793,115,39,instagram_ads_platform
1,2024-05-09,15826,754,843.9,941,104,44,instagram_ads_platform
1,2024-05-10,2638,106,152.11,115,14,6,instagram_ads_platform
1,2024-05-11,17571,537,266.18,652,64,73,instagram_ads_platform
1,2024-05-12,14828,239,357.8,260,45,33,instagram_ads_platform
1,2024-05-13,6559,156,192.04,177,37,8,instagram_ads_platform
1,2024-05-14,15262,870,563.67,1054,287,38,instagram_ads_platform
1,2024-05-15,12443,441,728.52,473,43,63,instagram_ads_platform
1,2024-05-16,6421,223,248.87,250,52,12,instagram_ads_platform
1,2024-05-17,2697,160,187.86,165,44,27,instagram_ads_platform
1,2024-05-18,8486,316,144.04,353,104,20,instagram_ads_platform
1,2024-05-19,12123,162,242.1,163,15,12,instagram_ads_platform
1,2024-05-20,10800,262,244.53,312,54,36,instagram_ads_platform
1,2024-05-21,12994,478,521.69,511,75,60,instagram_ads_platform
1,2024-05-22,5829,342,498.18,369,77,21,instagram_ads_platform
1,2024-05-23,13146,579,913.3,680,163,28,instagram_ads_platform
1,2024-05-24,3448,76,32.66,78,16,12,instagram_ads_platform
1,2024-05-25,13413,631,862.69,649,152,90,instagram_ads_platform
1,2024-05-26,5184,180,130.66,203,52,15,instagram_ads_platform
1,2024-05-27,8592,140,205.6,149,40,20,instagram_ads_platform
1,2024-05-28,2980,79,139.34,89,12,7,instagram_ads_platform
1,2024-05-29,12781,177,207.44,192,36,18,instagram_ads_platform
1,2024-05-30,8524,152,78.62,185,42,22,instagram_ads_platform
1,2024-05-31,14636,518,535.64,629,84,23,instagram_ads_platform
1,2024-06-01,8774,491,743.63,608,53,31,instagram_ads_platform
1,2024-06-02,14198,667,930.08,720,123,65,instagram_ads_platform
2,2024-10-25,6944,356,151.79,366,83,11,facebook_ads_platform
2,2024-10-26,6156,309,316.54,382,36,15,facebook_ads_platform
2,2024-10-27,7125,346,306.19,353,63,7,facebook_ads_platform
2,2024-10-28,7277,277,334.6,320,58,6,facebook_ads_platform
2,2024-10-29,10583,633,952.13,748,149,25,facebook_ads_platform
2,2024-10-30,4966,51,79.94,53,8,1,facebook_ads_platform
2,2024-10-31,16872,176,249.96,209,34,4,facebook_ads_platform
2,2024-11-01,7538,114,49.8,120,22,3,facebook_ads_platform
2,2024-11-02,4832,220,242.8,270,74,3,facebook_ads_platform
2,2024-11-03,13982,765,828.4,908,188,21,facebook_ads_platform
2,2024-11-04,12940,659,1152.01,752,132,8,facebook_ads_platform
2,2024-11-05,6379,156,242.78,192,31,6,facebook_ads_platform
2,2024-11-06,7845,203,300.62,206,25,4,facebook_ads_platform
2,2024-11-07,12079,186,97.66,206,30,2,facebook_ads_platform
2,2024-11-08,8370,487,255.13,524,72,8,facebook_ads_platform
2,2024-11-09,5082,256,169.42,301,64,5,facebook_ads_platform
2,2024-11-10,16534,436,477.21,463,73,5,facebook_ads_platform
2,2024-11-11,13594,339,538.73,353,102,14,facebook_ads_platform
2,2024-11-12,11608,550,303.98,613,157,10,facebook_ads_platform
2,2024-11-13,2695,35,32.58,36,4,1,facebook_ads_platform
2,2024-11-14,13744,570,871.24,652,89,20,facebook_ads_platform
2,2024-11-15,2857,171,82.66,198,51,3,facebook_ads_platform
2,2024-11-16,16381,843,500.39,851,154,19,facebook_ads_platform
2,2024-11-17,11902,376,364.22,422,69,14,facebook_ads_platform
2,2024-11-18,8299,172,68.84,184,50,3,facebook_ads_platform
2,2024-11-19,12644,516,539.01,580,159,18,facebook_ads_platform
2,2024-11-20,3937,94,104.57,98,26,1,facebook_ads_platform
2,2024-11-21,12834,766,1060.44,769,126,24,facebook_ads_platform
2,2024-11-22,10359,385,351.56,472,89,11,facebook_ads_platform
2,2024-11-23,5446,61,46.2,61,15,2,facebook_ads_platform
2,2024-11-24,15748,938,1653.01,1117,335,29,facebook_ads_platform
2,2024-11-25,4140,92,130.52,104,26,1,facebook_ads_platform
2,2024-11-26,15018,898,776.29,1088,277,16,facebook_ads_platform
2,2024-11-27,16249,968,1374.8,1025,153,16,facebook_ads_platform
2,2024-11-28,8378,466,543.93,547,157,5,facebook_ads_platform
2,2024-11-29,11725,673,764.58,809,237,29,facebook_ads_platform
2,2024-11-30,5376,185,205.97,195,24,2,facebook_ads_platform
2,2024-12-01,2511,66,40.08,79,12,2,facebook_ads_platform
2,2024-12-02,15646,816,1370.86,820,171,18,facebook_ads_platform
2,2024-12-03,15187,236,323.69,257,24,7,facebook_ads_platform
3,2024-12-25,13348,397,229.62,426,46,10,google_ads_platform
3,2024-12-26,9657,478,838.74,555,65,37,google_ads_platform
3,2024-12-27,13863,755,1155.87,822,186,42,google_ads_platform
3,2024-12-28,8699,220,379.66,227,54,13,google_ads_platform
3,2024-12-29,11885,351,429.44,435,37,27,google_ads_platform
3,2024-12-30,17590,887,948.62,1028,105,50,google_ads_platform
3,2024-12-31,7925,374,611.01,465,54,12,google_ads_platform
3,2025-01-01,3953,201,73.67,237,36,12,google_ads_platform
3,2025-01-02,5935,133,46.8,141,14,3,google_ads_platform
3,2025-01-03,8823,281,457.63,292,49,12,google_ads_platform
3,2025-01-04,8254,307,397.23,343,92,8,google_ads_platform
3,2025-01-05,13758,292,110.7,350,30,13,google_ads_platform
3,2025-01-06,6778,390,550.44,406,66,9,google_ads_platform
3,2025-01-07,11462,654,1075.95,709,210,51,google_ads_platform
3,2025-01-08,14042,162,93.6,168,46,12,google_ads_platform
3,2025-01-09,4159,110,186.13,121,24,8,google_ads_platform
3,2025-01-10,11349,264,311.27,279,25,9,google_ads_platform
3,2025-01-11,16260,561,866.55,561,55,13,google_ads_platform
3,2025-01-12,12741,509,393.52,512,60,16,google_ads_platform
3,2025-01-13,3842,129,212.54,154,28,3,google_ads_platform
4,2024-11-26,3170,43,21.31,44,12,2,affiliate
4,2024-11-27,4651,54,35.18,57,15,2,affiliate
4,2024-11-28,2238,89,56.35,90,14,5,affiliate
4,2024-11-29,8952,360,222.5,365,60,12,affiliate
4,2024-11-30,8910,279,162.1,312,85,20,affiliate
4,2024-12-01,1646,42,25.77,42,8,2,affiliate
4,2024-12-02,5681,210,71.04,216,53,12,affiliate
4,2024-12-03,2369,115,113.92,118,20,7,affiliate
4,2024-12-04,4566,82,37.38,85,17,5,affiliate
4,2024-12-05,6956,323,148.87,354,59,7,affiliate
4,2024-12-06,3262,100,67.01,100,23,7,affiliate
4,2024-12-07,7403,198,159.73,205,42,8,affiliate
4,2024-12-08,8697,121,108.17,144,36,3,affiliate
4,2024-12-09,8210,195,134.0,213,39,8,affiliate
4,2024-12-10,1306,22,11.47,25,5,0,affiliate
4,2024-12-11,4242,193,180.78,204,49,7,affiliate
4,2024-12-12,8348,207,180.98,248,36,8,affiliate
4,2024-12-13,8030,303,296.75,368,40,7,affiliate
4,2024-12-14,4629,189,51.3,223,47,7,affiliate
4,2024-12-15,4618,85,75.97,100,24,5,affiliate
4,2024-12-16,7725,94,49.13,95,22,6,affiliate
4,2024-12-17,7393,325,281.56,327,40,23,affiliate
4,2024-12-18,7856,96,34.49,97,15,2,affiliate
4,2024-12-19,4017,172,38.61,199,21,8,affiliate
4,2024-12-20,4051,119,76.29,147,27,5,affiliate
4,2024-12-21,3820,63,26.97,74,17,4,affiliate
4,2024-12-22,4166,49,18.48,58,7,3,affiliate
4,2024-12-23,2844,105,86.55,115,9,3,affiliate
4,2024-12-24,7287,271,227.83,279,32,13,affiliate
4,2024-12-25,2833,56,39.99,60,17,3,affiliate
4,2024-12-26,4471,204,90.11,227,29,14,affiliate
4,2024-12-27,5265,226,164.95,231,44,9,affiliate
4,2024-12-28,7908,344,257.15,395,56,18,affiliate
4,2024-12-29,4946,62,25.35,71,19,4,affiliate
4,2024-12-30,6825,328,128.66,343,66,19,affiliate
4,2024-12-31,1465,61,45.42,70,15,4,affiliate
4,2025-01-01,6908,76,39.8,81,22,3,affiliate
4,2025-01-02,7035,80,62.5,91,11,4,affiliate
4,2025-01-03,2821,105,51.11,117,33,6,affiliate
4,2025-01-04,3459,151,41.99,184,22,10,affiliate
5,2024-09-18,4596,216,372.18,246,69,13,facebook_ads_platform
5,2024-09-19,17238,461,366.62,501,122,11,facebook_ads_platform
5,2024-09-20,15412,837,435.9,959,174,35,facebook_ads_platform
5,2024-09-21,3379,180,295.14,222,21,9,facebook_ads_platform
5,2024-09-22,10699,171,275.78,193,32,10,facebook_ads_platform
5,2024-09-23,4970,83,138.16,91,18,2,facebook_ads_platform
5,2024-09-24,9996,171,142.33,178,17,12,facebook_ads_platform
5,2024-09-25,5397,138,203.09,153,19,3,facebook_ads_platform
5,2024-09-26,11941,575,713.57,684,67,28,facebook_ads_platform
5,2024-09-27,12879,405,455.21,453,36,18,facebook_ads_platform
5,2024-09-28,14471,414,259.3,447,117,8,facebook_ads_platform
5,2024-09-29,13587,138,110.75,145,39,8,facebook_ads_platform
5,2024-09-30,4182,122,95.45,127,33,6,facebook_ads_platform
5,2024-10-01,7264,238,320.31,269,47,12,facebook_ads_platform
5,2024-10-02,4692,127,219.04,138,16,9,facebook_ads_platform
5,2024-10-03,17543,887,582.07,936,277,18,facebook_ads_platform
5,2024-10-04,2859,112,45.27,122,27,3,facebook_ads_platform
5,2024-10-05,16861,708,297.04,818,172,46,facebook_ads_platform
5,2024-10-06,4271,182,164.05,213,36,3,facebook_ads_platform
5,2024-10-07,11466,259,94.14,272,62,16,facebook_ads_platform
5,2024-10-08,9395,404,221.75,431,91,24,facebook_ads_platform
5,2024-10-09,16109,884,1315.31,1020,145,44,facebook_ads_platform
5,2024-10-10,10654,212,136.19,225,43,6,facebook_ads_platform
5,2024-10-11,14025,427,575.55,485,135,12,facebook_ads_platform
5,2024-10-12,10375,275,429.3,321,89,5,facebook_ads_platform
5,2024-10-13,13461,467,653.42,558,53,35,facebook_ads_platform
5,2024-10-14,17323,394,403.14,491,71,13,facebook_ads_platform
5,2024-10-15,4135,209,278.24,253,40,15,facebook_ads_platform
5,2024-10-16,9479,444,703.92,528,47,11,facebook_ads_platform
6,2024-01-13,13368,566,418.3,692,200,22,google_ads_platform
6,2024-01-14,14510,212,370.01,221,37,14,google_ads_platform
6,2024-01-15,6953,360,588.56,403,69,22,google_ads_platform
6,2024-01-16,5232,81,47.07,82,23,5,google_ads_platform
6,2024-01-17,9316,517,639.23,590,104,25,google_ads_platform
6,2024-01-18,15265,426,750.4,498,131,9,google_ads_platform
6,2024-01-19,4640,158,69.81,193,34,7,google_ads_platform
6,2024-01-20,13231,340,403.29,397,98,21,google_ads_platform
6,2024-01-21,11757,249,335.64,303,58,19,google_ads_platform
6,2024-01-22,12629,186,247.5,197,30,11,google_ads_platform
6,2024-01-23,8805,153,56.13,187,40,10,google_ads_platform
6,2024-01-24,17808,317,145.36,384,104,22,google_ads_platform
6,2024-01-25,10555,274,314.61,293,56,10,google_ads_platform
6,2024-01-26,8703,262,261.93,292,74,8,google_ads_platform
6,2024-01-27,16534,577,216.82,718,175,22,google_ads_platform
6,2024-01-28,9109,278,340.85,278,27,14,google_ads_platform
6,2024-01-29,12642,529,535.08,603,135,38,google_ads_platform
6,2024-01-30,8084,227,263.82,239,43,5,google_ads_platform
6,2024-01-31,12654,506,248.59,551,98,31,google_ads_platform
6,2024-02-01,13295,280,216.55,338,98,11,google_ads_platform
6,2024-02-02,11052,317,488.71,388,73,8,google_ads_platform
6,2024-02-03,14665,675,1146.7,778,94,17,google_ads_platform
6,2024-02-04,8937,185,267.86,193,29,12,google_ads_platform
6,2024-02-05,3261,183,183.59,209,52,12,google_ads_platform
6,2024-02-06,13288,524,742.78,650,52,26,google_ads_platform
6,2024-02-07,11564,656,1105.81,735,140,46,google_ads_platform
6,2024-02-08,5403,240,312.82,288,29,7,google_ads_platform
6,2024-02-09,12431,672,1127.66,736,217,33,google_ads_platform
6,2024-02-10,14990,335,508.18,363,52,14,google_ads_platform
6,2024-02-11,4763,145,198.24,172,25,8,google_ads_platform
6,2024-02-12,16601,426,278.64,484,61,27,google_ads_platform
6,2024-02-13,14204,348,449.83,406,120,14,google_ads_platform
6,2024-02-14,5413,190,163.54,205,21,11,google_ads_platform
6,2024-02-15,10370,405,666.67,476,108,31,google_ads_platform
6,2024-02-16,11247,273,105.55,328,63,19,google_ads_platform
6,2024-02-17,4881,61,108.34,65,16,1,google_ads_platform
6,2024-02-18,13696,308,444.36,361,52,21,google_ads_platform
6,2024-02-19,3029,84,97.84,96,21,3,google_ads_platform
6,2024-02-20,6175,290,437.4,307,77,15,google_ads_platform
6,2024-02-21,7212,321,479.18,351,60,7,google_ads_platform
6,2024-02-22,13725,351,438.68,352,47,18,google_ads_platform
6,2024-02-23,15294,810,1116.86,855,187,37,google_ads_platform
6,2024-02-24,8525,407,711.53,468,117,21,google_ads_platform
6,2024-02-25,7319,237,335.56,241,70,18,google_ads_platform
6,2024-02-26,4455,128,153.19,145,15,5,google_ads_platform
7,2024-06-27,6678,68,115.36,83,7,7,google_ads_platform
7,2024-06-28,12279,154,163.44,177,39,26,google_ads_platform
7,2024-06-29,11882,445,773.25,523,102,22,google_ads_platform
7,2024-06-30,11029,147,71.05,162,32,16,google_ads_platform
7,2024-07-01,6124,331,571.95,358,51,43,google_ads_platform
7,2024-07-02,12629,461,167.23,555,164,82,google_ads_platform
7,2024-07-03,13459,367,258.2,425,119,27,google_ads_platform
7,2024-07-04,3153,139,126.42,170,48,11,google_ads_platform
7,2024-07-05,11351,524,574.17,591,147,22,google_ads_platform
7,2024-07-06,10835,349,382.21,427,52,16,google_ads_platform
7,2024-07-07,4072,74,32.93,83,6,12,google_ads_platform
7,2024-07-08,13482,559,362.28,654,172,39,google_ads_platform
7,2024-07-09,16078,725,1241.66,865,192,128,google_ads_platform
7,2024-07-10,14737,652,297.45,768,67,28,google_ads_platform
7,2024-07-11,5416,269,195.04,307,39,31,google_ads_platform
7,2024-07-12,8857,288,150.2,310,51,27,google_ads_platform
7,2024-07-13,2596,109,148.92,129,26,13,google_ads_platform
7,2024-07-14,3689,102,125.41,109,25,11,google_ads_platform
7,2024-07-15,7112,343,355.79,376,84,34,google_ads_platform
7,2024-07-16,11240,235,182.76,281,74,33,google_ads_platform
7,2024-07-17,12888,221,311.06,271,69,29,google_ads_platform
7,2024-07-18,8613,498,204.46,606,67,20,google_ads_platform
7,2024-07-19,11883,473,678.77,584,85,54,google_ads_platform
7,2024-07-20,17303,801,445.8,982,262,55,google_ads_platform
7,2024-07-21,5514,116,175.1,121,14,18,google_ads_platform
7,2024-07-22,16463,209,268.52,260,52,30,google_ads_platform
7,2024-07-23,3698,90,95.08,92,22,4,google_ads_platform
7,2024-07-24,7920,220,99.27,232,33,29,google_ads_platform
7,2024-07-25,5670,146,174.77,168,24,15,google_ads_platform
7,2024-07-26,11766,451,362.68,559,65,69,google_ads_platform
7,2024-07-27,15372,323,175.95,358,94,46,google_ads_platform
7,2024-07-28,14509,385,406.6,427,106,41,google_ads_platform
7,2024-07-29,4283,80,44.24,96,25,9,google_ads_platform
7,2024-07-30,11324,224,368.16,259,62,31,google_ads_platform
8,2024-06-12,16419,580,699.22,664,112,25,google_ads_platform
8,2024-06-13,17348,205,266.12,250,49,15,google_ads_platform
8,2024-06-14,4935,139,107.3,165,39,9,google_ads_platform
8,2024-06-15,10113,354,246.52,386,31,18,google_ads_platform
8,2024-06-16,15714,928,539.05,1103,122,126,google_ads_platform
8,2024-06-17,11779,676,710.53,839,202,89,google_ads_platform
8,2024-06-18,8378,100,68.93,105,14,14,google_ads_platform
8,2024-06-19,13454,273,275.52,297,54,45,google_ads_platform
8,2024-06-20,3260,39,49.48,40,11,5,google_ads_platform
8,2024-06-21,6980,361,468.52,410,48,27,google_ads_platform
8,2024-06-22,8485,334,587.97,340,46,55,google_ads_platform
8,2024-06-23,6151,220,230.79,267,49,19,google_ads_platform
8,2024-06-24,12399,128,140.3,142,18,20,google_ads_platform
8,2024-06-25,7100,146,76.15,159,37,9,google_ads_platform
8,2024-06-26,6273,192,200.56,197,45,16,google_ads_platform
8,2024-06-27,12179,219,258.76,220,19,34,google_ads_platform
8,2024-06-28,5139,86,50.84,105,11,9,google_ads_platform
8,2024-06-29,17613,334,125.92,384,78,58,google_ads_platform
8,2024-06-30,14289,662,813.9,818,104,102,google_ads_platform
9,2025-01-14,10223,545,818.7,658,139,34,facebook_ads_platform
9,2025-01-15,15942,771,1036.31,869,101,98,facebook_ads_platform
9,2025-01-16,17611,575,291.77,608,100,70,facebook_ads_platform
9,2025-01-17,5815,210,257.88,245,64,35,facebook_ads_platform
9,2025-01-18,5406,182,196.53,183,46,22,facebook_ads_platform
9,2025-01-19,4425,64,22.51,78,15,8,facebook_ads_platform
9,2025-01-20,17863,870,359.3,983,158,113,facebook_ads_platform
9,2025-01-21,11180,351,301.25,393,97,60,facebook_ads_platform
9,2025-01-22,15682,738,401.57,866,87,108,facebook_ads_platform
9,2025-01-23,10317,498,566.93,508,107,83,facebook_ads_platform
9,2025-01-24,6723,130,67.71,155,32,18,facebook_ads_platform
9,2025-01-25,2617,75,37.84,90,15,5,facebook_ads_platform
9,2025-01-26,9480,403,354.71,489,84,30,facebook_ads_platform
9,2025-01-27,7014,417,483.08,438,88,39,facebook_ads_platform
9,2025-01-28,5428,154,130.79,163,24,18,facebook_ads_platform
9,2025-01-29,14058,420,286.93,510,54,24,facebook_ads_platform
9,2025-01-30,15330,689,579.27,725,121,43,facebook_ads_platform
9,2025-01-31,11520,468,595.31,474,78,63,facebook_ads_platform
9,2025-02-01,15678,228,100.98,280,49,13,facebook_ads_platform
9,2025-02-02,6133,175,162.91,206,58,21,facebook_ads_platform
9,2025-02-03,13250,477,734.26,548,157,66,facebook_ads_platform
9,2025-02-04,12990,450,495.6,545,155,18,facebook_ads_platform
9,2025-02-05,5690,66,39.32,74,9,8,facebook_ads_platform
9,2025-02-06,3090,86,64.51,106,10,11,facebook_ads_platform
9,2025-02-07,9044,250,354.64,286,55,23,facebook_ads_platform
9,2025-02-08,3624,202,241.44,238,48,23,facebook_ads_platform
9,2025-02-09,8193,476,808.29,548,67,37,facebook_ads_platform
9,2025-02-10,11919,121,130.63,136,27,7,facebook_ads_platform
9,2025-02-11,8070,462,706.43,572,156,70,facebook_ads_platform
9,2025-02-12,11919,268,188.34,293,54,27,facebook_ads_platform
10,2024-11-18,8065,468,182.36,521,108,48,google_ads_platform
10,2024-11-19,4404,100,136.67,119,15,9,google_ads_platform
10,2024-11-20,15609,402,625.78,453,37,69,google_ads_platform
10,2024-11-21,6567,160,184.66,189,29,15,google_ads_platform
10,2024-11-22,5424,183,315.37,223,31,16,google_ads_platform
10,2024-11-23,13692,773,541.86,915,120,51,google_ads_platform
10,2024-11-24,6848,139,80.09,147,31,9,google_ads_platform
10,2024-11-25,4247,67,24.09,83,15,3,google_ads_platform
10,2024-11-26,16542,613,652.17,686,148,28,google_ads_platform
10,2024-11-27,16934,928,1557.38,1041,308,149,google_ads_platform
10,2024-11-28,7091,211,203.32,217,42,30,google_ads_platform
10,2024-11-29,17895,662,399.49,727,167,73,google_ads_platform
10,2024-11-30,4472,200,131.12,234,19,20,google_ads_platform
10,2024-12-01,12019,180,131.6,218,26,16,google_ads_platform
10,2024-12-02,6913,232,152.02,253,48,29,google_ads_platform
10,2024-12-03,13980,665,783.73,731,130,60,google_ads_platform
10,2024-12-04,11935,528,609.97,623,160,81,google_ads_platform
10,2024-12-05,16529,480,728.75,595,67,29,google_ads_platform
10,2024-12-06,5393,167,187.75,204,44,9,google_ads_platform
10,2024-12-07,7672,377,349.74,429,87,30,google_ads_platform
10,2024-12-08,13813,250,122.41,265,70,17,google_ads_platform
10,2024-12-09,14699,392,283.69,446,127,35,google_ads_platform
10,2024-12-10,2824,86,102.03,100,21,7,google_ads_platform
10,2024-12-11,13147,558,739.98,666,105,35,google_ads_platform
10,2024-12-12,10487,511,522.47,521,112,52,google_ads_platform
10,2024-12-13,4873,260,321.84,320,55,33,google_ads_platform
11,2024-10-30,9131,478,386.93,497,64,23,facebook_ads_platform
11,2024-10-31,7273,331,490.68,363,99,41,facebook_ads_platform
11,2024-11-01,17880,503,310.17,624,106,61,facebook_ads_platform
11,2024-11-02,2878,46,66.11,48,11,3,facebook_ads_platform
11,2024-11-03,5950,109,124.83,110,30,5,facebook_ads_platform
11,2024-11-04,2931,142,176.97,177,18,16,facebook_ads_platform
11,2024-11-05,3881,165,125.74,177,23,27,facebook_ads_platform
11,2024-11-06,12764,208,180.42,216,18,23,facebook_ads_platform
11,2024-11-07,17495,459,341.96,570,113,48,facebook_ads_platform
11,2024-11-08,9788,164,165.97,186,39,28,facebook_ads_platform
11,2024-11-09,14770,617,492.99,697,153,73,facebook_ads_platform
11,2024-11-10,8188,279,264.41,285,42,20,facebook_ads_platform
11,2024-11-11,5051,127,107.78,152,40,5,facebook_ads_platform
11,2024-11-12,10187,374,293.38,419,103,50,facebook_ads_platform
11,2024-11-13,15048,474,422.71,501,40,38,facebook_ads_platform
11,2024-11-14,9245,500,643.34,531,125,50,facebook_ads_platform
11,2024-11-15,16072,464,676.78,512,67,35,facebook_ads_platform
11,2024-11-16,17408,707,792.77,755,168,96,facebook_ads_platform
11,2024-11-17,6904,211,268.71,220,31,33,facebook_ads_platform
11,2024-11-18,12620,411,234.52,461,69,56,facebook_ads_platform
11,2024-11-19,11264,125,123.21,133,14,22,facebook_ads_platform
11,2024-11-20,2634,57,45.7,64,9,3,facebook_ads_platform
11,2024-11-21,15598,544,253.68,638,55,50,facebook_ads_platform
11,2024-11-22,14797,852,879.02,1017,97,40,facebook_ads_platform
11,2024-11-23,5648,309,544.82,338,27,23,facebook_ads_platform
11,2024-11-24,14209,318,126.75,353,85,47,facebook_ads_platform
11,2024-11-25,10050,469,428.77,547,68,24,facebook_ads_platform
11,2024-11-26,7613,432,495.46,510,124,26,facebook_ads_platform
11,2024-11-27,4501,102,163.43,107,29,13,facebook_ads_platform
11,2024-11-28,6068,355,533.16,393,32,25,facebook_ads_platform
11,2024-11-29,12079,193,286.81,193,17,29,facebook_ads_platform
11,2024-11-30,10286,456,490.15,543,73,28,facebook_ads_platform
11,2024-12-01,13738,562,245.41,702,152,95,facebook_ads_platform
11,2024-12-02,13060,231,186.94,237,44,26,facebook_ads_platform
11,2024-12-03,11648,575,362.13,690,121,83,facebook_ads_platform
11,2024-12-04,13792,398,547.09,422,37,56,facebook_ads_platform
11,2024-12-05,11659,288,245.98,301,36,39,facebook_ads_platform
11,2024-12-06,14499,484,281.93,556,149,78,facebook_ads_platform
11,2024-12-07,11202,198,69.51,211,33,16,facebook_ads_platform
11,2024-12-08,12953,457,401.2,557,120,65,facebook_ads_platform
11,2024-12-09,12661,277,252.59,322,63,39,facebook_ads_platform
11,2024-12-10,11086,489,461.72,507,72,71,facebook_ads_platform
12,2024-10-22,3438,137,12.18,139,36,15,email
12,2024-10-23,1056,50,15.04,51,10,5,email
12,2024-10-24,4813,372,86.22,395,63,51,email
12,2024-10-25,1380,43,12.88,50,14,7,email
12,2024-10-26,4634,473,82.67,538,154,22,email
12,2024-10-27,3823,387,104.6,446,87,18,email
12,2024-10-28,3289,121,14.44,136,13,8,email
12,2024-10-29,3956,186,19.28,197,42,21,email
12,2024-10-30,5372,361,67.73,418,66,19,email
12,2024-10-31,4298,470,71.09,491,82,29,email
12,2024-11-01,2095,163,35.05,201,55,20,email
12,2024-11-02,3459,366,53.81,423,110,35,email
12,2024-11-03,2771,223,28.15,265,75,15,email
12,2024-11-04,4506,316,72.28,373,110,30,email
12,2024-11-05,5040,212,24.26,212,62,34,email
12,2024-11-06,3379,107,23.12,125,17,16,email
12,2024-11-07,5357,435,42.12,445,80,52,email
12,2024-11-08,2970,187,14.51,197,50,22,email
12,2024-11-09,4075,330,64.27,336,50,23,email
12,2024-11-10,4799,500,114.28,572,159,68,email
12,2024-11-11,3260,108,35.27,118,29,16,email
