campaign_product_id,campaign_id,book_id,promo_type,discount_pct,featured_flag,promo_price,valid_from,valid_to
1,1,32,discount,15,False,34.76,2024-05-03,2024-06-02
2,1,34,featured,0,True,39.47,2024-05-03,2024-06-02
3,1,41,homepage_banner,0,False,70.48,2024-05-03,2024-06-02
4,1,21,homepage_banner,0,False,41.57,2024-05-03,2024-06-02
5,1,39,discount,20,False,35.05,2024-05-03,2024-06-02
6,1,25,featured,0,False,86.41,2024-05-03,2024-06-02
7,1,40,homepage_banner,0,False,48.3,2024-05-03,2024-06-02
8,1,26,discount,5,False,64.03,2024-05-03,2024-06-02
9,2,8,discount,20,False,63.13,2024-10-25,2024-12-03
10,2,12,discount,15,False,65.03,2024-10-25,2024-12-03
11,2,24,featured,0,False,44.19,2024-10-25,2024-12-03
12,2,45,featured,0,False,86.32,2024-10-25,2024-12-03
13,2,10,featured,0,True,72.86,2024-10-25,2024-12-03
14,3,12,featured,0,False,76.51,2024-12-25,2025-01-13
15,3,36,newsletter,0,False,25.31,2024-12-25,2025-01-13
16,3,11,newsletter,0,False,24.96,2024-12-25,2025-01-13
17,3,32,featured,0,False,40.89,2024-12-25,2025-01-13
18,3,19,discount,15,False,61.17,2024-12-25,2025-01-13
19,3,9,newsletter,0,False,36.75,2024-12-25,2025-01-13
20,3,50,featured,0,False,42.62,2024-12-25,2025-01-13
21,3,21,featured,0,True,41.57,2024-12-25,2025-01-13
22,4,32,homepage_banner,0,True,40.89,2024-11-26,2025-01-04
23,4,27,discount,0,False,55.77,2024-11-26,2025-01-04
24,4,46,discount,20,False,32.13,2024-11-26,2025-01-04
25,4,29,discount,15,False,44.63,2024-11-26,2025-01-04
26,4,50,featured,0,False,42.62,2024-11-26,2025-01-04
27,4,11,homepage_banner,0,False,24.96,2024-11-26,2025-01-04
28,4,6,featured,0,False,45.33,2024-11-26,2025-01-04
29,4,37,featured,0,False,77.55,2024-11-26,2025-01-04
30,5,8,discount,15,False,67.07,2024-09-18,2024-10-16
31,5,18,discount,5,False,77.57,2024-09-18,2024-10-16
32,5,35,discount,0,False,28.83,2024-09-18,2024-10-16
33,5,24,featured,0,False,44.19,2024-09-18,2024-10-16
34,5,48,discount,0,True,62.25,2024-09-18,2024-10-16
35,5,3,featured,0,False,23.2,2024-09-18,2024-10-16
36,5,29,newsletter,0,False,52.51,2024-09-18,2024-10-16
37,6,14,newsletter,0,False,34.95,2024-01-13,2024-02-26
38,6,48,featured,0,False,62.25,2024-01-13,2024-02-26
39,6,38,featured,0,True,78.14,2024-01-13,2024-02-26
40,6,45,featured,0,False,86.32,2024-01-13,2024-02-26
41,7,14,featured,0,False,34.95,2024-06-27,2024-07-30
42,7,4,discount,10,False,56.37,2024-06-27,2024-07-30
43,7,37,discount,10,True,69.8,2024-06-27,2024-07-30
44,7,23,newsletter,0,False,47.88,2024-06-27,2024-07-30
45,8,44,homepage_banner,0,False,59.06,2024-06-12,2024-06-30
46,8,7,discount,5,True,64.23,2024-06-12,2024-06-30
47,8,9,homepage_banner,0,False,36.75,2024-06-12,2024-06-30
48,8,27,homepage_banner,0,False,55.77,2024-06-12,2024-06-30
49,8,4,homepage_banner,0,False,62.63,2024-06-12,2024-06-30
50,8,18,homepage_banner,0,False,81.65,2024-06-12,2024-06-30
51,8,42,featured,0,False,41.15,2024-06-12,2024-06-30
52,9,41,homepage_banner,0,False,70.48,2025-01-14,2025-02-12
53,9,18,homepage_banner,0,False,81.65,2025-01-14,2025-02-12
54,9,50,featured,0,False,42.62,2025-01-14,2025-02-12
55,9,27,homepage_banner,0,False,55.77,2025-01-14,2025-02-12
56,9,25,homepage_banner,0,False,86.41,2025-01-14,2025-02-12
57,9,29,newsletter,0,True,52.51,2025-01-14,2025-02-12
58,9,5,featured,0,False,83.91,2025-01-14,2025-02-12
59,10,21,homepage_banner,0,False,41.57,2024-11-18,2024-12-13
60,10,38,discount,0,False,78.14,2024-11-18,2024-12-13
61,10,1,homepage_banner,0,False,62.13,2024-11-18,2024-12-13
62,10,47,discount,15,False,64.15,2024-11-18,2024-12-13
63,10,6,homepage_banner,0,False,45.33,2024-11-18,2024-12-13
64,10,30,featured,0,True,51.49,2024-11-18,2024-12-13
65,11,19,newsletter,0,False,71.96,2024-10-30,2024-12-10
66,11,22,homepage_banner,0,False,74.76,2024-10-30,2024-12-10
67,11,36,newsletter,0,False,25.31,2024-10-30,2024-12-10
68,11,37,homepage_banner,0,False,77.55,2024-10-30,2024-12-10
69,11,9,discount,15,True,31.24,2024-10-30,2024-12-10
70,12,8,discount,15,False,67.07,2024-10-22,2024-11-11
71,12,11,discount,5,True,23.71,2024-10-22,2024-11-11
72,12,29,newsletter,0,False,52.51,2024-10-22,2024-11-11
